"id","directorNombre","generoNombre","actorNombre","title","budget","genres","overview","release_date","runtime","vote_average","url_image"
"1","James Cameron","Fantasia","Sam Worthington","Avatar","237000000","Action:Adventure:Fantasy","In the 22nd century, a paraplegic Marine is dispatched to the moon Pandora on a unique mission, but becomes torn between following orders and protecting an alien civilization.","2009","162","7.2","https://image.tmdb.org/t/p/w220_and_h330_face/pgjs6VwqKa9COml98tqMGjIkoJG.jpg"
"2","Gore Verbinski","Aventura","Johnny Depp","Pirates of the Caribbean: At World's End","300000000","Adventure:Fantasy:Action","Captain Barbossa, long believed to be dead, has come back to life and is headed to the edge of the Earth with Will Turner and Elizabeth Swann. But nothing is quite as it seems.","2007","169","6.9","https://image.tmdb.org/t/p/w220_and_h330_face/zMXZQPJ3VnPR6IrD62OY9xqRK0n.jpg"
"3","Sam Mendes","Accion","Daniel Craig","Spectre","245000000","Action:Adventure:Crime","A cryptic message from Bondâ€™s past sends him on a trail to uncover a sinister organization. While M battles political forces to keep the secret service alive, Bond peels back the layers of deceit to reveal the terrible truth behind SPECTRE.","2015","148","6.3","https://image.tmdb.org/t/p/w220_and_h330_face/aD8fQF2WFAvMMxmMHHj2RXz2hwP.jpg"
"4","Christopher Nolan","Accion","Christian Bale","The Dark Knight Rises","250000000","Action:Crime:Drama:Thriller","Following the death of District Attorney Harvey Dent, Batman assumes responsibility for Dent's crimes to protect the late attorney's reputation and is subsequently hunted by the Gotham City Police Department. Eight years later, Batman encounters the mysterious Selina Kyle and the villainous Bane, a new terrorist leader who overwhelms Gotham's finest. The Dark Knight resurfaces to protect a city that has branded him an enemy.","2012","165","7.6","https://image.tmdb.org/t/p/w220_and_h330_face/rrS7K8tXVFUBliIKWaRuSq65nWr.jpg"
"5","Andrew Stanton","Ciencia Ficcion","Taylor Kitsch","John Carter","260000000","[{""id"": 28, ""name"": ""Action""}, {""id"": 12, ""name"": ""Adventure""}, {""id"": 878, ""name"": ""Science Fiction""}]","John Carter is a war-weary, former military captain who's inexplicably transported to the mysterious and exotic planet of Barsoom (Mars) and reluctantly becomes embroiled in an epic conflict. It's a world on the brink of collapse, and Carter rediscovers his humanity when he realizes the survival of Barsoom and its people rests in his hands.","2012","132","6.1","https://image.tmdb.org/t/p/w220_and_h330_face/d63SoIF9EwRWifEGW9fv2k8pog8.jpg"
"6","Sam Raimi","Superheroes","Tobey Maguire","Spider-Man 3","258000000","[{""id"": 14, ""name"": ""Fantasy""}, {""id"": 28, ""name"": ""Action""}, {""id"": 12, ""name"": ""Adventure""}]","The seemingly invincible Spider-Man goes up against an all-new crop of villain â€“ including the shape-shifting Sandman. While Spider-Manâ€™s superpowers are altered by an alien organism, his alter ego, Peter Parker, deals with nemesis Eddie Brock and also gets caught up in a love triangle.","2007","139","5.9","https://image.tmdb.org/t/p/w220_and_h330_face/qjhalSrfqe0nXmNflgY76nN4zpn.jpg"
"7","Nathan Greno","Animacion","null (animation movie)","Tangled","260000000","[{""id"": 16, ""name"": ""Animation""}, {""id"": 10751, ""name"": ""Family""}]","When the kingdom's most wanted-and most charming-bandit Flynn Rider hides out in a mysterious tower, he's taken hostage by Rapunzel, a beautiful and feisty tower-bound teen with 70 feet of magical, golden hair. Flynn's curious captor, who's looking for her ticket out of the tower where she's been locked away for years, strikes a deal with the handsome thief and the unlikely duo sets off on an action-packed escapade, complete with a super-cop horse, an over-protective chameleon and a gruff gang of pub thugs.","2010","100","7.4","https://image.tmdb.org/t/p/w220_and_h330_face/bFUreK1CxkUwk4y6W2Qoo88l0UF.jpg"
"8","Joss Whedon","Superheroes","Robert Downey Jr.","Avengers: Age of Ultron","280000000","[{""id"": 28, ""name"": ""Action""}, {""id"": 12, ""name"": ""Adventure""}, {""id"": 878, ""name"": ""Science Fiction""}]","When Tony Stark tries to jumpstart a dormant peacekeeping program, things go awry and Earthâ€™s Mightiest Heroes are put to the ultimate test as the fate of the planet hangs in the balance. As the villainous Ultron emerges, it is up to The Avengers to stop him from enacting his terrible plans, and soon uneasy alliances and unexpected action pave the way for an epic and unique global adventure.","2015","141","7.3","https://image.tmdb.org/t/p/w220_and_h330_face/SWfuMs4doCHcrz0InTh785SpQU.jpg"
"9","David Yates","Fantasia","Daniel Radclife","Harry Potter and the Half-Blood Prince","250000000","[{""id"": 12, ""name"": ""Adventure""}, {""id"": 14, ""name"": ""Fantasy""}, {""id"": 10751, ""name"": ""Family""}]","As Harry begins his sixth year at Hogwarts, he discovers an old book marked as 'Property of the Half-Blood Prince', and begins to learn more about Lord Voldemort's dark past.","2009","153","7.4","https://image.tmdb.org/t/p/w220_and_h330_face/nSb3nNiL6pOEDK34T0U6RKTGzlJ.jpg"
"10","Zack Snyder","Superheroes","Ben Affleck","Batman v Superman: Dawn of Justice","250000000","[{""id"": 28, ""name"": ""Action""}, {""id"": 12, ""name"": ""Adventure""}, {""id"": 14, ""name"": ""Fantasy""}]","Fearing the actions of a god-like Super Hero left unchecked, Gotham Cityâ€™s own formidable, forceful vigilante takes on Metropolisâ€™s most revered, modern-day savior, while the world wrestles with what sort of hero it really needs. And with Batman and Superman at war with one another, a new threat quickly arises, putting mankind in greater danger than itâ€™s ever known before.","2016","151","5.7","https://image.tmdb.org/t/p/w220_and_h330_face/mS3t9puIjLKgoex82cu9d6G0835.jpg"
"11","Marc Forster","Superheroes","Brandon Routh","Superman Returns","270000000","[{""id"": 12, ""name"": ""Adventure""}, {""id"": 14, ""name"": ""Fantasy""}, {""id"": 28, ""name"": ""Action""}, {""id"": 878, ""name"": ""Science Fiction""}]","Superman returns to discover his 5-year absence has allowed Lex Luthor to walk free, and that those he was closest too felt abandoned and have moved on. Luthor plots his ultimate revenge that could see millions killed and change the face of the planet forever, as well as ridding himself of the Man of Steel.","2006","154","5.4","https://image.tmdb.org/t/p/w220_and_h330_face/oD94EXP5UDpzhZGhaGslDv6H8pR.jpg"
"12","Bryan Singer","Accion","Daniel Craig","Quantum of Solace","200000000","[{""id"": 12, ""name"": ""Adventure""}, {""id"": 28, ""name"": ""Action""}, {""id"": 53, ""name"": ""Thriller""}, {""id"": 80, ""name"": ""Crime""}]","Quantum of Solace continues the adventures of James Bond after Casino Royale. Betrayed by Vesper, the woman he loved, 007 fights the urge to make his latest mission personal. Pursuing his determination to uncover the truth, Bond and M interrogate Mr. White, who reveals that the organization that blackmailed Vesper is far more complex and dangerous than anyone had imagined.","2008","106","6.1","https://image.tmdb.org/t/p/w220_and_h330_face/f2rCskvSSr7ywPAnFGhk4FT6Piz.jpg"
"13","Gore Verbinski","Aventura","Johnny Depp","Pirates of the Caribbean: Dead Man's Chest","200000000","[{""id"": 12, ""name"": ""Adventure""}, {""id"": 14, ""name"": ""Fantasy""}, {""id"": 28, ""name"": ""Action""}]","Captain Jack Sparrow works his way out of a blood debt with the ghostly Davey Jones, he also attempts to avoid eternal damnation.","2006","151","7","https://image.tmdb.org/t/p/w220_and_h330_face/33csnYX0xLObW0AsAqjMdhomCLe.jpg"
"14","Gore Verbinski","Aventura","Johnny Depp","The Lone Ranger","255000000","[{""id"": 28, ""name"": ""Action""}, {""id"": 12, ""name"": ""Adventure""}, {""id"": 37, ""name"": ""Western""}]","The Texas Rangers chase down a gang of outlaws led by Butch Cavendish, but the gang ambushes the Rangers, seemingly killing them all. One survivor is found, however, by an American Indian named Tonto, who nurses him back to health. The Ranger, donning a mask and riding a white stallion named Silver, teams up with Tonto to bring the unscrupulous gang and others of that ilk to justice.","2013","149","5.9","https://image.tmdb.org/t/p/w220_and_h330_face/TuV2nQIC5MYUnkGhw0fa7AlzQL.jpg"
"15","Zack Snyder","Superheroes","Henry Cavill","Man of Steel","225000000","[{""id"": 28, ""name"": ""Action""}, {""id"": 12, ""name"": ""Adventure""}, {""id"": 14, ""name"": ""Fantasy""}, {""id"": 878, ""name"": ""Science Fiction""}]","A young boy learns that he has extraordinary powers and is not of this earth. As a young man, he journeys to discover where he came from and what he was sent here to do. But the hero in him must emerge if he is to save the world from annihilation and become the symbol of hope for all mankind.","2013","143","6.5","https://image.tmdb.org/t/p/w220_and_h330_face/rsyXLxxFQr7GZ75wqn9WyBl871b.jpg"
"16","Andrew Adamson","Fantasia","Ben Barnes","The Chronicles of Narnia: Prince Caspian","225000000","[{""id"": 12, ""name"": ""Adventure""}, {""id"": 10751, ""name"": ""Family""}, {""id"": 14, ""name"": ""Fantasy""}]","One year after their incredible adventures in the Lion, the Witch and the Wardrobe, Peter, Edmund, Lucy and Susan Pevensie return to Narnia to aid a young prince whose life has been threatened by the evil King Miraz. Now, with the help of a colorful cast of new characters, including Trufflehunter the badger and Nikabrik the dwarf, the Pevensie clan embarks on an incredible quest to ensure that Narnia is returned to its rightful heir.","2008","150","6.3","https://image.tmdb.org/t/p/w220_and_h330_face/j53P9LEPTkfJhYVSpq69UCV1koT.jpg"
"17","Joss Whedon","Superheroes","Robert Downey Jr.","The Avengers","220000000","[{""id"": 878, ""name"": ""Science Fiction""}, {""id"": 28, ""name"": ""Action""}, {""id"": 12, ""name"": ""Adventure""}]","When an unexpected enemy emerges and threatens global safety and security, Nick Fury, director of the international peacekeeping agency known as S.H.I.E.L.D., finds himself in need of a team to pull the world back from the brink of disaster. Spanning the globe, a daring recruitment effort begins!","2012","143","7.4","https://image.tmdb.org/t/p/w220_and_h330_face/tyKKKSvjEgDVQ6vtm8vzL5Zx06c.jpg"
"18","Rob Marshall","Aventura","Johnny Depp","Pirates of the Caribbean: On Stranger Tides","380000000","[{""id"": 12, ""name"": ""Adventure""}, {""id"": 28, ""name"": ""Action""}, {""id"": 14, ""name"": ""Fantasy""}]","Captain Jack Sparrow crosses paths with a woman from his past, and he's not sure if it's love -- or if she's a ruthless con artist who's using him to find the fabled Fountain of Youth. When she forces him aboard the Queen Anne's Revenge, the ship of the formidable pirate Blackbeard, Jack finds himself on an unexpected adventure in which he doesn't know who to fear more: Blackbeard or the woman from his past.","2011","136","6.4","https://image.tmdb.org/t/p/w220_and_h330_face/elZ79uhtQ43xUvcCmdDXI3cN5AU.jpg"
"19","Barry Sonnenfeld","Ciencia Ficcion","Will Smith","Men in Black 3","225000000","[{""id"": 28, ""name"": ""Action""}, {""id"": 35, ""name"": ""Comedy""}, {""id"": 878, ""name"": ""Science Fiction""}]","Agents J (Will Smith) and K (Tommy Lee Jones) are back...in time. J has seen some inexplicable things in his 15 years with the Men in Black, but nothing, not even aliens, perplexes him as much as his wry, reticent partner. But when K's life and the fate of the planet are put at stake, Agent J will have to travel back in time to put things right. J discovers that there are secrets to the universe that K never told him - secrets that will reveal themselves as he teams up with the young Agent K (Josh Brolin) to save his partner, the agency, and the future of humankind.","2012","106","6.2","https://image.tmdb.org/t/p/w220_and_h330_face/aWFNNnaIjbgml8blv7Nlj3BKfqD.jpg"
"20","Peter Jackson","Aventura","Martin Freeman","The Hobbit: The Battle of the Five Armies","250000000","[{""id"": 28, ""name"": ""Action""}, {""id"": 12, ""name"": ""Adventure""}, {""id"": 14, ""name"": ""Fantasy""}]","Immediately after the events of The Desolation of Smaug, Bilbo and the dwarves try to defend Erebor's mountain of treasure from others who claim it: the men of the ruined Laketown and the elves of Mirkwood. Meanwhile an army of Orcs led by Azog the Defiler is marching on Erebor, fueled by the rise of the dark lord Sauron. Dwarves, elves and men must unite, and the hope for Middle-Earth falls into Bilbo's hands.","2014","144","7.1","https://image.tmdb.org/t/p/w220_and_h330_face/6OiNSLcRKJsBLXwb6DEi6IQ0JFk.jpg"
"21","Marc Webb","Superheroes","Andrew Garfield","The Amazing Spider-Man","215000000","[{""id"": 28, ""name"": ""Action""}, {""id"": 12, ""name"": ""Adventure""}, {""id"": 14, ""name"": ""Fantasy""}]","Peter Parker is an outcast high schooler abandoned by his parents as a boy, leaving him to be raised by his Uncle Ben and Aunt May. Like most teenagers, Peter is trying to figure out who he is and how he got to be the person he is today. As Peter discovers a mysterious briefcase that belonged to his father, he begins a quest to understand his parents' disappearance â€“ leading him directly to Oscorp and the lab of Dr. Curt Connors, his father's former partner. As Spider-Man is set on a collision course with Connors' alter ego, The Lizard, Peter will make life-altering choices to use his powers and shape his destiny to become a hero.","2012","136","6.5","https://image.tmdb.org/t/p/w220_and_h330_face/uiX2jlUHDYjb4kSGGCfhl4yAxIw.jpg"
"22","Ridley Scott","Accion","Russel Crowe","Robin Hood","200000000","[{""id"": 28, ""name"": ""Action""}, {""id"": 12, ""name"": ""Adventure""}]","When soldier Robin happens upon the dying Robert of Loxley, he promises to return the man's sword to his family in Nottingham. There, he assumes Robert's identity; romances his widow, Marion; and draws the ire of the town's sheriff and King John's henchman, Godfrey.","2010","140","6.2","https://image.tmdb.org/t/p/w220_and_h330_face/cxzzIbtEiJltFLCptinuBUlUlfE.jpg"
"23","Peter Jackson","Aventura","Martin Freeman","The Hobbit: The Desolation of Smaug","250000000","[{""id"": 12, ""name"": ""Adventure""}, {""id"": 14, ""name"": ""Fantasy""}]","The Dwarves, Bilbo and Gandalf have successfully escaped the Misty Mountains, and Bilbo has gained the One Ring. They all continue their journey to get their gold back from the Dragon, Smaug.","2013","161","7.6","https://image.tmdb.org/t/p/w220_and_h330_face/m8uQ5swzBLRyY19UwqCsVK2fM7C.jpg"
"24","Chris Weitz","Aventura","Dakota Blue Richards","The Golden Compass","180000000","[{""id"": 12, ""name"": ""Adventure""}, {""id"": 14, ""name"": ""Fantasy""}]","After overhearing a shocking secret, precocious orphan Lyra Belacqua trades her carefree existence roaming the halls of Jordan College for an otherworldly adventure in the far North, unaware that it's part of her destiny.","2007","113","5.8","https://image.tmdb.org/t/p/w220_and_h330_face/qgbErXQ6VEBXzDoPPltDbjcBN53.jpg"
"25","Peter Jackson","Ciencia Ficcion","Naomi Watts","King Kong","207000000","[{""id"": 12, ""name"": ""Adventure""}, {""id"": 18, ""name"": ""Drama""}, {""id"": 28, ""name"": ""Action""}]","In 1933 New York, an overly ambitious movie producer coerces his cast and hired ship crew to travel to mysterious Skull Island, where they encounter Kong, a giant ape who is immediately smitten with the leading lady.","2005","187","6.6","https://image.tmdb.org/t/p/w220_and_h330_face/tSfZ6LoZgnz8BOrSQVo24vqv4nW.jpg"
"26","James Cameron","Drama","Leonardo Dicaprio","Titanic","200000000","[{""id"": 18, ""name"": ""Drama""}, {""id"": 10749, ""name"": ""Romance""}, {""id"": 53, ""name"": ""Thriller""}]","84 years later, a 101-year-old woman named Rose DeWitt Bukater tells the story to her granddaughter Lizzy Calvert, Brock Lovett, Lewis Bodine, Bobby Buell and Anatoly Mikailavich on the Keldysh about her life set in April 10th 1912, on a ship called Titanic when young Rose boards the departing ship with the upper-class passengers and her mother, Ruth DeWitt Bukater, and her fiancÃ©, Caledon Hockley. Meanwhile, a drifter and artist named Jack Dawson and his best friend Fabrizio De Rossi win third-class tickets to the ship in a game. And she explains the whole story from departure until the death of Titanic on its first and last voyage April 15th, 1912 at 2:20 in the morning.","1997","194","7.5","https://image.tmdb.org/t/p/w220_and_h330_face/zraTDtulFw2wrpyuYf646k95MNq.jpg"
"27","Anthony Russo","Superheroes","Chris Evans","Captain America: Civil War","250000000","[{""id"": 12, ""name"": ""Adventure""}, {""id"": 28, ""name"": ""Action""}, {""id"": 878, ""name"": ""Science Fiction""}]","Following the events of Age of Ultron, the collective governments of the world pass an act designed to regulate all superhuman activity. This polarizes opinion amongst the Avengers, causing two factions to side with Iron Man or Captain America, which causes an epic battle between former allies.","2016","147","7.1","https://image.tmdb.org/t/p/w220_and_h330_face/ltvmEnNvgnPs9YPCyblC00OSzTi.jpg"
"28","Peter Berg","Accion","Liam Neeson","Battleship","209000000","[{""id"": 53, ""name"": ""Thriller""}, {""id"": 28, ""name"": ""Action""}, {""id"": 12, ""name"": ""Adventure""}, {""id"": 878, ""name"": ""Science Fiction""}]","When mankind beams a radio signal into space, a reply comes from â€˜Planet Gâ€™, in the form of several alien crafts that splash down in the waters off Hawaii. Lieutenant Alex Hopper is a weapons officer assigned to the USS John Paul Jones, part of an international naval coalition which becomes the world's last hope for survival as they engage the hostile alien force of unimaginable strength. While taking on the invaders, Hopper must also try to live up to the potential his brother, and his fiancÃ©e's father, Admiral Shane, expect of him.","2012","131","5.5","https://image.tmdb.org/t/p/w220_and_h330_face/mXb3hot6ZW4hMfpZSK7UtD70WgM.jpg"
"29","Colin Trevorrow","Aventura","Chris Patt","Jurassic World","150000000","[{""id"": 28, ""name"": ""Action""}, {""id"": 12, ""name"": ""Adventure""}, {""id"": 878, ""name"": ""Science Fiction""}, {""id"": 53, ""name"": ""Thriller""}]","Twenty-two years after the events of Jurassic Park, Isla Nublar now features a fully functioning dinosaur theme park, Jurassic World, as originally envisioned by John Hammond.","2015","124","6.5","https://image.tmdb.org/t/p/w220_and_h330_face/sOgfattHPWE5sWdVCGHQ08GEbaP.jpg"
"30","Sam Mendes","Accion","Daniel Craig","Skyfall","200000000","[{""id"": 28, ""name"": ""Action""}, {""id"": 12, ""name"": ""Adventure""}, {""id"": 53, ""name"": ""Thriller""}]","When Bond's latest assignment goes gravely wrong and agents around the world are exposed, MI6 is attacked forcing M to relocate the agency. These events cause her authority and position to be challenged by Gareth Mallory, the new Chairman of the Intelligence and Security Committee. With MI6 now compromised from both inside and out, M is left with one ally she can trust: Bond. 007 takes to the shadows - aided only by field agent, Eve - following a trail to the mysterious Silva, whose lethal and hidden motives have yet to reveal themselves.","2012","143","6.9","https://image.tmdb.org/t/p/w220_and_h330_face/5cHyNrZzi5txPyseWEIba9WK7NA.jpg"
"31","Sam Raimi","Superheroes","Tobey Maguire","Spider-Man 2","200000000","[{""id"": 28, ""name"": ""Action""}, {""id"": 12, ""name"": ""Adventure""}, {""id"": 14, ""name"": ""Fantasy""}]","Peter Parker is going through a major identity crisis. Burned out from being Spider-Man, he decides to shelve his superhero alter ego, which leaves the city suffering in the wake of carnage left by the evil Doc Ock. In the meantime, Parker still can't act on his feelings for Mary Jane Watson, a girl he's loved since childhood.","2004","127","6.7","https://image.tmdb.org/t/p/w220_and_h330_face/rOXKlW3ubSFjSdJRkGy4CPWQZUH.jpg"
"32","Shane Black","Superheroes","Robert Downey Jr.","Iron Man 3","200000000","[{""id"": 28, ""name"": ""Action""}, {""id"": 12, ""name"": ""Adventure""}, {""id"": 878, ""name"": ""Science Fiction""}]","When Tony Stark's world is torn apart by a formidable terrorist called the Mandarin, he starts an odyssey of rebuilding and retribution.","2013","130","6.8","https://image.tmdb.org/t/p/w220_and_h330_face/jcs4B2AiNPbVm8GFXNaTmvymR7x.jpg"
"33","Tim Burton","Aventura","Johnny Depp","Alice in Wonderland","200000000","[{""id"": 10751, ""name"": ""Family""}, {""id"": 14, ""name"": ""Fantasy""}, {""id"": 12, ""name"": ""Adventure""}]","Alice, an unpretentious and individual 19-year-old, is betrothed to a dunce of an English nobleman. At her engagement party, she escapes the crowd to consider whether to go through with the marriage and falls down a hole in the garden after spotting an unusual rabbit. Arriving in a strange and surreal place called 'Underland,' she finds herself in a world that resembles the nightmares she had as a child, filled with talking animals, villainous queens and knights, and frumious bandersnatches. Alice realizes that she is there for a reason â€“ to conquer the horrific Jabberwocky and restore the rightful queen to her throne.","2010","108","6.4","https://image.tmdb.org/t/p/w220_and_h330_face/lTL10rosTEhOZp8E3zoniXddyRC.jpg"
"34","Brett Ratner","Superheroes","Hugh Jackman","X-Men: The Last Stand","210000000","[{""id"": 12, ""name"": ""Adventure""}, {""id"": 28, ""name"": ""Action""}, {""id"": 878, ""name"": ""Science Fiction""}, {""id"": 53, ""name"": ""Thriller""}]","When a cure is found to treat mutations, lines are drawn amongst the X-Men and The Brotherhood, a band of powerful mutants organized under Xavier's former ally, Magneto.","2006","104","6.3","https://image.tmdb.org/t/p/w220_and_h330_face/6FnWDI3mKZhfWv7NznKUFlvSdo0.jpg"
"35","Dan Scanlon","Animacion","null (animation movie)","Monsters University","200000000","[{""id"": 16, ""name"": ""Animation""}, {""id"": 10751, ""name"": ""Family""}]","A look at the relationship between Mike and Sulley during their days at Monsters University, when they weren't necessarily the best of friends.","2013","104","7","https://image.tmdb.org/t/p/w220_and_h330_face/4rLfeHGIyDEQsqR22iajGSLFNME.jpg"
"36","Michael Bay","Ciencia Ficcion","Shia LaBeouf","Transformers: Revenge of the Fallen","150000000","[{""id"": 878, ""name"": ""Science Fiction""}, {""id"": 28, ""name"": ""Action""}, {""id"": 12, ""name"": ""Adventure""}]","Sam Witwicky leaves the Autobots behind for a normal life. But when his mind is filled with cryptic symbols, the Decepticons target him and he is dragged back into the Transformers' war.","2009","150","6","https://image.tmdb.org/t/p/w220_and_h330_face/hDdTUHlxq6AVOsLG6RVeKP6wGM8.jpg"
"37","Michael Bay","Ciencia Ficcion","Mark Wahlberg","Transformers: Age of Extinction","210000000","[{""id"": 878, ""name"": ""Science Fiction""}, {""id"": 28, ""name"": ""Action""}, {""id"": 12, ""name"": ""Adventure""}]","As humanity picks up the pieces, following the conclusion of ""Transformers: Dark of the Moon,"" Autobots and Decepticons have all but vanished from the face of the planet. However, a group of powerful, ingenious businessman and scientists attempt to learn from past Transformer incursions and push the boundaries of technology beyond what they can control - all while an ancient, powerful Transformer menace sets Earth in his cross-hairs.","2014","165","5.8","https://image.tmdb.org/t/p/w220_and_h330_face/owqV5Qo2DMMomfB1fS6xYWv3yEh.jpg"
"38","Sam Raimi","Ciencia Ficcion","James Franco","Oz: The Great and Powerful","200000000","[{""id"": 14, ""name"": ""Fantasy""}, {""id"": 12, ""name"": ""Adventure""}, {""id"": 10751, ""name"": ""Family""}]","Oscar Diggs, a small-time circus illusionist and con-artist, is whisked from Kansas to the Land of Oz where the inhabitants assume he's the great wizard of prophecy, there to save Oz from the clutches of evil.","2013","130","5.7","https://image.tmdb.org/t/p/w220_and_h330_face/dajOhGTY1XQ16WqDqKB8HQddZsC.jpg"
"39","Marc Webb","Superheroes","Andrew Garfield","The Amazing Spider-Man 2","200000000","[{""id"": 28, ""name"": ""Action""}, {""id"": 12, ""name"": ""Adventure""}, {""id"": 14, ""name"": ""Fantasy""}]","For Peter Parker, life is busy. Between taking out the bad guys as Spider-Man and spending time with the person he loves, Gwen Stacy, high school graduation cannot come quickly enough. Peter has not forgotten about the promise he made to Gwenâ€™s father to protect her by staying away, but that is a promise he cannot keep. Things will change for Peter when a new villain, Electro, emerges, an old friend, y Osborn, returns, and Peter uncovers new clues about his past.","2014","142","6.5","https://image.tmdb.org/t/p/w220_and_h330_face/foJVlqwPUyvFEJTJqaPOnxKdqOj.jpg"
"40","Joseph Kosinski","Ciencia Ficcion","Garrett Hedlund","TRON: Legacy","170000000","[{""id"": 12, ""name"": ""Adventure""}, {""id"": 28, ""name"": ""Action""}, {""id"": 878, ""name"": ""Science Fiction""}]","Sam Flynn, the tech-savvy and daring son of Kevin Flynn, investigates his father's disappearance and is pulled into The Grid. With the help of a mysterious program named Quorra, Sam quests to stop evil dictator Clu from crossing into the real world.","2010","125","6.3","https://image.tmdb.org/t/p/w220_and_h330_face/i2hvfY0lwHc8m6OSgxL4ZtRzmya.jpg"
"41","John Lasseter","Animacion","null (animation movie)","Cars 2","200000000","[{""id"": 16, ""name"": ""Animation""}, {""id"": 10751, ""name"": ""Family""}, {""id"": 12, ""name"": ""Adventure""}, {""id"": 35, ""name"": ""Comedy""}]","Star race car Lightning McQueen and his pal Mater head overseas to compete in the World Grand Prix race. But the road to the championship becomes rocky as Mater gets caught up in an intriguing adventure of his own: international espionage.","2011","106","5.8","https://image.tmdb.org/t/p/w220_and_h330_face/eQo1LQs5Vo9RHVHYUhNSfMZa3VB.jpg"
"42","Martin Campbell","Superheroes","Ryan Reinolds","Green Lantern","200000000","[{""id"": 12, ""name"": ""Adventure""}, {""id"": 28, ""name"": ""Action""}, {""id"": 53, ""name"": ""Thriller""}, {""id"": 878, ""name"": ""Science Fiction""}]","For centuries, a small but powerful force of warriors called the Green Lantern Corps has sworn to keep intergalactic order. Each Green Lantern wears a ring that grants him superpowers. But when a new enemy called Parallax threatens to destroy the balance of power in the Universe, their fate and the fate of Earth lie in the hands of the first human ever recruited.","2011","114","5.1","https://image.tmdb.org/t/p/w220_and_h330_face/lHDtKFRLzGRmH3L27fGUrBYZVvC.jpg"
"43","Lee Unkrich","Animacion","null (animation movie)","Toy Story 3","200000000","[{""id"": 16, ""name"": ""Animation""}, {""id"": 10751, ""name"": ""Family""}, {""id"": 35, ""name"": ""Comedy""}]","Woody, Buzz, and the rest of Andy's toys haven't been played with in years. With Andy about to go to college, the gang find themselves accidentally left at a nefarious day care center. The toys must band together to escape and return home to Andy.","2010","103","7.6","https://image.tmdb.org/t/p/w220_and_h330_face/amY0NH1ksd9xJ9boXAMmods6U0D.jpg"
"44","Joseph McGinty Nichol","Accion","Christian Bale","Terminator Salvation","200000000","[{""id"": 28, ""name"": ""Action""}, {""id"": 878, ""name"": ""Science Fiction""}, {""id"": 53, ""name"": ""Thriller""}]","All grown up in post-apocalyptic 2018, John Connor must lead the resistance of humans against the increasingly dominating militaristic robots. But when Marcus Wright appears, his existence confuses the mission as Connor tries to determine whether Wright has come from the future or the past -- and whether he's friend or foe.","2009","115","5.9","https://image.tmdb.org/t/p/w220_and_h330_face/864FCqlmdvQKyFPZwXicMIO8YkI.jpg"
"45","James Wan","Accion","Vin Diesel","Furious 7","190000000","[{""id"": 28, ""name"": ""Action""}]","Deckard Shaw seeks revenge against Dominic Toretto and his family for his comatose brother.","2015","137","7.3","https://image.tmdb.org/t/p/w220_and_h330_face/yWG5W4tKCQweHEdnKV4YEvqOBGx.jpg"
"46","Marc Forster","Ciencia Ficcion","Brad Pitt","World War Z","200000000","[{""id"": 28, ""name"": ""Action""}, {""id"": 18, ""name"": ""Drama""}, {""id"": 27, ""name"": ""Horror""}, {""id"": 878, ""name"": ""Science Fiction""}, {""id"": 53, ""name"": ""Thriller""}]","Life for former United Nations investigator Gerry Lane and his family seems content. Suddenly, the world is plagued by a mysterious infection turning whole human populations into rampaging mindless zombies. After barely escaping the chaos, Lane is persuaded to go on a mission to investigate this disease. What follows is a perilous trek around the world where Lane must brave horrific dangers and long odds to find answers before human civilization falls.","2013","116","6.7","https://image.tmdb.org/t/p/w220_and_h330_face/rQxQh36ZWtMmPveVxmSRa6qUMLh.jpg"
"47","Bryan Singer","Superheroes","Hugh Jackman","X-Men: Days of Future Past","250000000","[{""id"": 28, ""name"": ""Action""}, {""id"": 12, ""name"": ""Adventure""}, {""id"": 14, ""name"": ""Fantasy""}, {""id"": 878, ""name"": ""Science Fiction""}]","The ultimate X-Men ensemble fights a war for the survival of the species across two time periods as they join forces with their younger selves in an epic battle that must change the past â€“ to save our future.","2014","131","7.5","https://image.tmdb.org/t/p/w220_and_h330_face/yTVqNNp7hWFrFtzxAo5bdVUBuz0.jpg"
"48","J.J Abrams","Superheroes","Chris Pine","Star Trek Into Darkness","190000000","[{""id"": 28, ""name"": ""Action""}, {""id"": 12, ""name"": ""Adventure""}, {""id"": 878, ""name"": ""Science Fiction""}]","When the crew of the Enterprise is called back home, they find an unstoppable force of terror from within their own organization has detonated the fleet and everything it stands for, leaving our world in a state of crisis.  With a personal score to settle, Captain Kirk leads a manhunt to a war-zone world to capture a one man weapon of mass destruction. As our heroes are propelled into an epic chess game of life and death, love will be challenged, friendships will be torn apart, and sacrifices must be made for the only family Kirk has left: his crew.","2013","132","7.4","https://image.tmdb.org/t/p/w220_and_h330_face/7ncnBVignnCQ4vFNxiSLWDpFUcs.jpg"
"49","Bryan Singer","Ciencia Ficcion","Nicholas Hoult","Jack the Giant Slayer","195000000","[{""id"": 28, ""name"": ""Action""}, {""id"": 10751, ""name"": ""Family""}, {""id"": 14, ""name"": ""Fantasy""}]","The story of an ancient war that is reignited when a young farmhand unwittingly opens a gateway between our world and a fearsome race of giants. Unleashed on the Earth for the first time in centuries, the giants strive to reclaim the land they once lost, forcing the young man, Jack into the battle of his life to stop them. Fighting for a kingdom, its people, and the love of a brave princess, he comes face to face with the unstoppable warriors he thought only existed in legendâ€“and gets the chance to become a legend himself.","2013","114","5.5","https://m.media-amazon.com/images/M/MV5BMjE1NDMxMjI0OV5BMl5BanBnXkFtZTcwMjQyMDExOQ@@._V1_UX182_CR0,0,182,268_AL_.jpg"
"50","Baz Luhrmann","Drama","Leonardo Dicaprio","The Great Gatsby","105000000","[{""id"": 18, ""name"": ""Drama""}, {""id"": 10749, ""name"": ""Romance""}]","An adaptation of F. Scott Fitzgerald's Long Island-set novel, where Midwesterner Nick Carraway is lured into the lavish world of his neighbor, Jay Gatsby. Soon enough, however, Carraway will see through the cracks of Gatsby's nouveau riche existence, where obsession, madness, and tragedy await.","2013","143","7.3","https://image.tmdb.org/t/p/w220_and_h330_face/fnViTJJt6pUq44QGBhk4FJqr82o.jpg"
"51","Mike Newell","Aventura","Jake Gyllenhaal","Prince of Persia: The Sands of Time","150000000","[{""id"": 12, ""name"": ""Adventure""}, {""id"": 14, ""name"": ""Fantasy""}, {""id"": 28, ""name"": ""Action""}, {""id"": 10749, ""name"": ""Romance""}]","A rogue prince reluctantly joins forces with a mysterious princess and together, they race against dark forces to safeguard an ancient dagger capable of releasing the Sands of Time â€“ gift from the gods that can reverse time and allow its possessor to rule the world.","2010","116","6.2","https://image.tmdb.org/t/p/w220_and_h330_face/vhATwS2BVbVvu5ltv8F1aodLTPE.jpg"
"52","Guillermo del Toro","Ciencia Ficcion","Charlie Hunnam","Pacific Rim","180000000","[{""id"": 28, ""name"": ""Action""}, {""id"": 878, ""name"": ""Science Fiction""}, {""id"": 12, ""name"": ""Adventure""}]","When legions of monstrous creatures, known as Kaiju, started rising from the sea, a war began that would take millions of lives and consume humanity's resources for years on end. To combat the giant Kaiju, a special type of weapon was devised: massive robots, called Jaegers, which are controlled simultaneously by two pilots whose minds are locked in a neural bridge. But even the Jaegers are proving nearly defenseless in the face of the relentless Kaiju. On the verge of defeat, the forces defending mankind have no choice but to turn to two unlikely heroesâ€”a washed-up former pilot (Charlie Hunnam) and an untested trainee (Rinko Kikuchi)â€”who are teamed to drive a legendary but seemingly obsolete Jaeger from the past. Together, they stand as mankind's last hope against the mounting apocalypse.","2013","131","6.7","https://image.tmdb.org/t/p/w220_and_h330_face/5dN112OTkbWTah8PJA9dzQsUE47.jpg"
"53","Michael Bay","Ciencia Ficcion","Shia LaBeouf","Transformers: Dark of the Moon","195000000","[{""id"": 28, ""name"": ""Action""}, {""id"": 878, ""name"": ""Science Fiction""}, {""id"": 12, ""name"": ""Adventure""}]","Sam Witwicky takes his first tenuous steps into adulthood while remaining a reluctant human ally of Autobot-leader Optimus Prime. The film centers around the space race between the USSR and the USA, suggesting there was a hidden Transformers role in it all that remains one of the planet's most dangerous secrets.","2011","154","6.1","https://image.tmdb.org/t/p/w220_and_h330_face/fMqXNNgzTaxalU1ve9KevpELiGe.jpg"
"54","Steven Spielberg","Aventura","Harrison Ford","Indiana Jones and the Kingdom of the Crystal Skull","185000000","[{""id"": 12, ""name"": ""Adventure""}, {""id"": 28, ""name"": ""Action""}]","Set during the Cold War, the Soviets â€“ led by sword-wielding Irina Spalko â€“ are in search of a crystal skull which has supernatural powers related to a mystical Lost City of Gold. After being captured and then escaping from them, Indy is coerced to head to Peru at the behest of a young man whose friend â€“ and Indy's colleague â€“ Professor Oxley has been captured for his knowledge of the skull's whereabouts.","2008","122","5.7","https://image.tmdb.org/t/p/w220_and_h330_face/83V6bGrEYtS46JZFbFZA5bL8hJL.jpg"
"55","Peter Sohn","Animacion","null (animation movie)","The Good Dinosaur","175000000","[{""id"": 12, ""name"": ""Adventure""}, {""id"": 16, ""name"": ""Animation""}, {""id"": 10751, ""name"": ""Family""}]","An epic journey into the world of dinosaurs where an Apatosaurus named Arlo makes an unlikely human friend.","2015","93","6.6","https://image.tmdb.org/t/p/w220_and_h330_face/1WKI6PM79XjK2LVS1B4yoG3wNHw.jpg"
"56","Mark Andrews","Animacion","null (animation movie)","Brave","185000000","[{""id"": 16, ""name"": ""Animation""}, {""id"": 12, ""name"": ""Adventure""}, {""id"": 35, ""name"": ""Comedy""}, {""id"": 10751, ""name"": ""Family""}, {""id"": 28, ""name"": ""Action""}, {""id"": 14, ""name"": ""Fantasy""}]","Brave is set in the mystical Scottish Highlands, where MÃ©rida is the princess of a kingdom ruled by King Fergus and Queen Elinor. An unruly daughter and an accomplished archer, MÃ©rida one day defies a sacred custom of the land and inadvertently brings turmoil to the kingdom. In an attempt to set things right, MÃ©rida seeks out an eccentric old Wise Woman and is granted an ill-fated wish. Also figuring into MÃ©ridaâ€™s quest â€” and serving as comic relief â€” are the kingdomâ€™s three lords: the enormous Lord MacGuffin, the surly Lord Macintosh, and the disagreeable Lord Ding
.","2012","93","6.7","https://image.tmdb.org/t/p/w220_and_h330_face/r2t9I6CE81YzhOoBw7B2XSUPVtm.jpg"
"57","Justin Lin","Ciencia Ficcion","Chris Pine","Star Trek Beyond","185000000","[{""id"": 28, ""name"": ""Action""}, {""id"": 12, ""name"": ""Adventure""}, {""id"": 878, ""name"": ""Science Fiction""}]","The USS Enterprise crew explores the furthest reaches of uncharted space, where they encounter a mysterious new enemy who puts them and everything the Federation stands for to the test.","2016","122","6.6","https://image.tmdb.org/t/p/w220_and_h330_face/2yfbpstJY4Fan8DSfPFDl05jx9.jpg"
"58","Andrew Stanton","Animacion","null (animation movie)","WALL-E","180000000","[{""id"": 16, ""name"": ""Animation""}, {""id"": 10751, ""name"": ""Family""}]","WALLÂ·E is the last robot left on an Earth that has been overrun with garbage and all humans have fled to outer space. For 700 years he has continued to try and clean up the mess, but has developed some rather interesting human-like qualities. When a ship arrives with a sleek new type of robot, WALLÂ·E thinks he's finally found a friend and stows away on the ship when it leaves.","2008","98","7.8","https://image.tmdb.org/t/p/w220_and_h330_face/fLXLNDsOBZxpNleWF9Z4hubxBUQ.jpg"
"59","Brett Ratner","Comedia","Jackie Chan","Rush Hour 3","140000000","[{""id"": 28, ""name"": ""Action""}, {""id"": 35, ""name"": ""Comedy""}, {""id"": 80, ""name"": ""Crime""}, {""id"": 53, ""name"": ""Thriller""}]","After an attempted assassination on Ambassador Han, Inspector Lee and Detective Carter are back in action as they head to Paris to protect a French woman with knowledge of the Triads' secret leaders. Lee also holds secret meetings with a United Nations authority, but his personal struggles with a Chinese criminal mastermind named Kenji, which reveals that it's Lee's long-lost...brother.","2007","91","6.1","https://image.tmdb.org/t/p/w220_and_h330_face/ajZkWYfg30L9wTzt4p1h8FUB1ZJ.jpg"
"60","Ronald Emmerich","Ciencia Ficcion","John Cusack","2012","200000000","[{""id"": 28, ""name"": ""Action""}, {""id"": 12, ""name"": ""Adventure""}, {""id"": 878, ""name"": ""Science Fiction""}]","Dr. Adrian Helmsley, part of a worldwide geophysical team investigating the effect on the earth of radiation from unprecedented solar storms, learns that the earth's core is heating up. He warns U.S. President Thomas Wilson that the crust of the earth is becoming unstable and that without proper preparations for saving a fraction of the world's population, the entire race is doomed. Meanwhile, writer Jackson Curtis stumbles on the same information. While the world's leaders race to build ""arks"" to escape the impending cataclysm, Curtis struggles to find a way to save his family. Meanwhile, volcanic eruptions and earthquakes of unprecedented strength wreak havoc around the world.","2009","158","5.6","https://image.tmdb.org/t/p/w220_and_h330_face/oyKDKaYqtqaVfbJME80eXhZVHxj.jpg"
"61","Robert Zemeckis","Animacion","Jim Carrey","A Christmas Carol","200000000","[{""id"": 16, ""name"": ""Animation""}, {""id"": 18, ""name"": ""Drama""}]","Miser Ebenezer Scrooge is awakened on Christmas Eve by spirits who reveal to him his own miserable existence, what opportunities he wasted in his youth, his current cruelties, and the dire fate that awaits him if he does not change his ways. Scrooge is faced with his own story of growing bitterness and meanness, and must decide what his own future will hold: death or redemption.","2009","96","6.6","https://image.tmdb.org/t/p/w220_and_h330_face/6IwmOIWN44xlsyuUfwwfp7UzUxj.jpg"
"62","Hermanas Wachowski","Ciencia Ficcion","Mila Kunis","Jupiter Ascending","176000003","[{""id"": 878, ""name"": ""Science Fiction""}, {""id"": 14, ""name"": ""Fantasy""}, {""id"": 28, ""name"": ""Action""}, {""id"": 12, ""name"": ""Adventure""}]","In a universe where human genetic material is the most precious commodity, an impoverished young Earth woman becomes the key to strategic maneuvers and internal strife within a powerful dynastyâ€¦","2015","124","5.2","https://image.tmdb.org/t/p/w220_and_h330_face/jBzPlhGrrSgQozGMzyoDPXUWdMt.jpg"
"63","David Yates","Aventura","Alexander Skarsgard","The Legend of Tarzan","180000000","[{""id"": 28, ""name"": ""Action""}, {""id"": 12, ""name"": ""Adventure""}]","Tarzan, having acclimated to life in London, is called back to his former home in the jungle to investigate the activities at a mining encampment.","2016","109","5.5","https://image.tmdb.org/t/p/w220_and_h330_face/h2QdvfP462FzbmcUHsxKuGACD5T.jpg"
"64","Andrew Adamson","Aventura","Georgie Henley","The Chronicles of Narnia","180000000","[{""id"": 12, ""name"": ""Adventure""}, {""id"": 10751, ""name"": ""Family""}, {""id"": 14, ""name"": ""Fantasy""}]","Siblings Lucy, Edmund, Susan and Peter step through a magical wardrobe and find the land of Narnia. There, the they discover a charming, once peaceful kingdom that has been plunged into eternal winter by the evil White Witch, Jadis. Aided by the wise and magnificent lion, Aslan, the children lead Narnia into a spectacular, climactic battle to be free of the Witch's glacial powers forever.","2005","143","6.7","https://image.tmdb.org/t/p/w220_and_h330_face/y9WMcPeguI4pmwULmB6LqzPyj1v.jpg"
"65","Bryan Singer","Superheroes","James McAvoy","X-Men: Apocalypse","178000000","[{""id"": 878, ""name"": ""Science Fiction""}]","After the re-emergence of the world's first mutant, world-destroyer Apocalypse, the X-Men must unite to defeat his extinction level plan.","2016","144","6.4","https://image.tmdb.org/t/p/w220_and_h330_face/i5ET4lACwrb97sdPzmIThieasOk.jpg"
"66","Christopher Nolan","Superheroes","Christian Bale","The Dark Knight","185000000","[{""id"": 18, ""name"": ""Drama""}, {""id"": 28, ""name"": ""Action""}, {""id"": 80, ""name"": ""Crime""}, {""id"": 53, ""name"": ""Thriller""}]","Batman raises the stakes in his war on crime. With the help of Lt. Jim Gordon and District Attorney Harvey Dent, Batman sets out to dismantle the remaining criminal organizations that plague the streets. The partnership proves to be effective, but they soon find themselves prey to a reign of chaos unleashed by a rising criminal mastermind known to the terrified citizens of Gotham as the Joker.","2008","152","8.2","https://image.tmdb.org/t/p/w220_and_h330_face/8QDQExnfNFOtabLDKqfDQuHDsIg.jpg"
"67","Martin Scorsese","Thriller","Leonardo Dicaprio","Shutter Island","80000000","[{""id"": 18, ""name"": ""Drama""}, {""id"": 28, ""name"": ""Action""}, {""id"": 80, ""name"": ""Crime""}, {""id"": 53, ""name"": ""Thriller""}]","Verano de 1954. Los agentes judiciales Teddy Daniels y Chuck Aule son destinados a una remota isla del puerto de Boston para investigar la desaparición de una peligrosa asesina recluida en el hospital psiquiátrico Ashecliffe, un centro penitenciario para criminales perturbados dirigido por el siniestro doctor John Cawley. Pronto descubrirán que el centro guarda muchos secretos, y que la isla esconde algo más peligroso que los pacientes.",2010,"104","8.2","https://image.tmdb.org/t/p/w600_and_h900_bestv2/Ap0iZ0CRNCsrK6kUfWLA6HJwu2K.jpg"
